Player,TEAM,AGE,GP,W,L,MIN,%FGA,%FGA,%PTS,%PTS,%PTS,%PTS,%PTS,%PTS,%PTS,2FGM,2FGM,3FGM,3FGM,FGM,FGM
Aaron Brooks,IND,32,63,34,29,13.7,57.6,42.4,45.9,17.8,43.9,7.6,10.2,12.7,28,9.7,90.3,56.5,43.5,28,72
Aaron Gordon,ORL,21,78,28,50,28.6,69,31,62.2,13.3,22.7,17.5,15,17.1,48.9,50.3,49.7,86.5,13.5,57.4,42.6
Aaron Harrison,CHA,22,5,2,3,3.3,50,50,0,0,0,0,100,0,0,0,0,0,0,0,0
Adreian Payne,MIN,26,17,5,12,7.6,72.2,27.8,63.5,25.4,14.3,6.3,22.2,17.5,38.1,65,35,100,0,69.6,30.4
AJ Hammons,DAL,24,20,3,17,7.2,73,27,47.4,21.1,39.5,5.3,13.2,13.2,26.3,88.9,11.1,100,0,92.9,7.1
Al Horford,BOS,30,66,44,22,32.4,69.5,30.5,61,19.3,27.7,4.5,11.3,10.9,41.7,58,42,97.6,2.4,67.2,32.8
Al Jefferson,IND,32,66,33,33,14.1,99.8,0.2,87.9,17.9,0,0.7,12.1,13.1,69.9,53.6,46.4,0,0,53.6,46.4
Alan Anderson,LAC,34,30,20,10,10.3,45,55,37.2,7,48.8,0,14,19.8,30.2,56.3,43.8,85.7,14.3,70,30
Alan Williams,PHX,24,46,11,35,14.8,99.6,0.4,78.9,3,0,13.9,21.1,10.8,75.9,72.5,27.5,0,0,72.5,27.5
Alec Burks,UTA,25,40,24,16,15.7,69.4,30.6,52.7,18.1,26,14.4,21.3,16.2,34.7,30.1,69.9,83.3,16.7,43.3,56.7
Alex Abrines,OKC,23,66,36,30,15.5,26.9,73.1,20.1,5.1,68.6,18.5,11.3,15.7,14.9,61.5,38.5,96.6,3.4,85.9,14.1
Alex Len,PHX,23,76,21,55,20.3,97.4,2.6,73.9,9.2,1.5,6.4,24.6,10.8,64.7,63.1,36.9,100,0,63.6,36.4
Alex Poythress,PHI,23,4,0,4,25.5,71.9,28.1,64.5,12.9,9.7,0,25.8,29,51.6,80,20,100,0,81.8,18.2
Alexis Ajinca,NOP,28,37,14,23,14.5,97.5,2.5,86.8,22,0,1.6,13.2,7.7,64.8,81,19,0,0,81,19
Al-Farouq Aminu,POR,26,60,32,28,29.1,54.8,45.2,42.9,4.6,39.3,9.1,17.8,11.4,38.3,46,54,100,0,66.5,33.5
Allen Crabbe,POR,25,79,39,40,28.5,53.3,46.7,40,17.5,47.6,14.8,12.4,17,22.5,77.5,22.5,97,3,86.1,13.9
Alonzo Gee,DEN,29,13,4,9,6.9,78.6,21.4,54.5,0,0,0,45.5,0,54.5,66.7,33.3,0,0,66.7,33.3
Amir Johnson,BOS,29,78,49,29,20.2,82.4,17.6,72.1,1.6,14.9,7,12.9,10.6,70.5,75.1,24.9,100,0,78.2,21.8
Anderson Varejao,GSW,34,14,12,2,6.6,100,0,55.6,11.1,0,22.2,44.4,11.1,44.4,60,40,0,0,60,40
Andre Drummond,DET,23,79,36,43,29.9,99.2,0.8,86.9,7.2,0.6,8.6,12.5,13.7,79.7,60.4,39.6,0,100,60.1,39.9
Andre Iguodala,GSW,33,75,64,11,26.3,57.1,42.9,53.7,10.9,33.7,24.9,12.6,17.9,42.8,70.6,29.4,92.2,7.8,77,23
Andre Roberson,OKC,25,79,46,33,30.1,60.3,39.7,65.1,0.8,25.9,23.4,9,23.6,64.4,76.5,23.5,97.8,2.2,80.9,19.1
Andrew Bogut,CLE,32,27,8,19,21.6,98.8,1.2,96.2,5.1,0,0,3.8,20.3,91.1,52.6,47.4,0,0,52.6,47.4
Andrew Harrison,MEM,22,71,38,33,20.4,56.8,43.2,34.5,7.7,30.9,9.4,34.5,19.2,26.9,13.9,86.1,62.8,37.2,32.2,67.8
Andrew Nicholson,BKN,27,36,20,16,8.7,76.7,23.3,75.5,18.4,15.3,4.1,9.2,14.3,57.1,64.9,35.1,100,0,69,31
Andrew Wiggins,MIN,22,80,31,49,37.3,81.7,18.3,62.8,23.3,15.8,11.6,21.3,14.1,39.5,41.3,58.7,75,25,46.2,53.8
Anthony Bennett,BKN,24,23,3,20,11.5,47.8,52.2,43.5,0,33.9,3.5,22.6,7,43.5,44,56,92.3,7.7,60.5,39.5
Anthony Brown,ORL,24,11,3,8,14.5,46,54,51.2,23.3,48.8,18.6,0,16.3,27.9,54.5,45.5,57.1,42.9,55.6,44.4
Anthony Davis,NOP,24,75,31,44,36.1,91.2,8.8,69.6,23.3,5.7,8,24.7,12.3,46.2,64.4,35.6,100,0,66.2,33.8
Anthony Morrow,CHI,31,47,23,24,15,47.4,52.6,42.6,16,44.5,8,12.9,10.3,26.6,60.7,39.3,97.4,2.6,75.8,24.2
Anthony Tolliver,SAC,31,64,25,39,22.7,34.9,65.1,29,4.5,58.8,5.6,12.2,14,24.5,64.6,35.4,100,0,85,15
Archie Goodwin,BKN,22,13,8,5,13.1,76.5,23.5,55.2,6.9,13.8,19.5,31,12.6,48.3,37.5,62.5,75,25,42.9,57.1
Arinze Onuaku,ORL,29,8,3,5,3.5,100,0,100,0,0,0,0,0,100,100,0,0,0,100,0
Aron Baynes,DET,30,75,34,41,15.5,100,0,78.4,13.7,0,5.5,21.6,13.4,64.7,73.4,26.6,0,0,73.4,26.6
Arron Afflalo,SAC,31,60,23,37,25.8,63.1,36.9,46.3,21.7,37.4,5.4,16.3,12.1,24.5,50.4,49.6,96.8,3.2,66.7,33.3
Austin Rivers,LAC,24,74,43,31,27.8,59.1,40.9,47.7,4.5,37.5,10.6,14.8,12.9,43.2,20.8,79.2,70.3,29.7,37.8,62.2
Avery Bradley,BOS,26,53,32,21,33.4,64.4,35.6,56,20.5,36.3,11.1,7.7,20.3,35.5,61.3,38.7,81,19,67.2,32.8
Axel Toupane,MIL,24,2,1,1,3,0,100,0,0,0,0,0,0,0,0,0,0,0,0,0
Ben Bentil,DAL,22,3,2,1,3.3,66.7,33.3,0,0,0,0,0,0,0,0,0,0,0,0,0
Ben McLemore,SAC,24,59,26,33,19,58.6,41.4,45.8,17.6,41.1,18,13.1,15.6,28.3,68.2,31.8,90.6,9.4,76.6,23.4
Beno Udrih,DET,34,39,18,21,14.4,83.8,16.2,71.4,34.4,14.5,12.3,14.1,9.7,37,13.6,86.4,54.5,45.5,18.5,81.5
Bismack Biyombo,ORL,24,79,28,51,22.4,100,0,74.3,4.2,0,7.8,25.7,12.2,70,81.3,18.8,0,0,81.3,18.8
Blake Griffin,LAC,28,59,38,21,34.2,88.4,11.6,66.9,21.4,8.9,18.4,24.2,14.8,45.5,50.3,49.7,97.4,2.6,54.2,45.8
Boban Marjanovic,DET,28,33,16,17,7.7,100,0,73.4,8.3,0,5.3,26.6,11.8,65.1,71,29,0,0,71,29
Bobby Brown,HOU,32,23,17,6,3.9,40,60,25.5,12.8,70.2,10.6,4.3,10.6,12.8,33.3,66.7,81.8,18.2,64.7,35.3
Bobby Portis,CHI,22,62,28,34,15.5,74.7,25.3,69.9,24.6,21,13.3,9.2,21.2,45.3,63.4,36.6,100,0,69.5,30.5
Bojan Bogdanovic,WAS,27,79,22,57,25.9,53.3,46.7,41.6,6.9,38.8,15.6,19.6,16.2,34.6,51.3,48.7,92.3,7.7,67,33
Boris Diaw,UTA,34,71,43,28,17.5,75,25,74.7,11.7,18.5,4.6,6.8,8.3,63,36.4,63.6,95,5,44.7,55.3
Bradley Beal,WAS,23,76,47,29,34.9,58.2,41.8,46.3,15.2,37.8,15.1,15.9,14.9,31,48,52,80.5,19.5,59.5,40.5
Brandan Wright,MEM,29,27,14,13,16,99.2,0.8,88.6,2.2,0,13,11.4,18.9,86.5,89,11,0,0,89,11
Brandon Bass,LAC,31,50,27,23,11.1,98.3,1.7,73.5,18.2,1.1,14.2,25.5,20,55.3,69.3,30.7,100,0,69.6,30.4
Brandon Ingram,LAL,19,77,25,52,28.8,71.7,28.3,58.8,17.9,23.1,10.9,18.1,18.5,40.9,36.2,63.8,98.2,1.8,49.1,50.9
Brandon Jennings,WAS,27,79,36,43,22.1,52.7,47.3,38.7,12.9,41.4,16.8,19.9,18.3,25.8,18,82,50.6,49.4,31.6,68.4
Brandon Knight,PHX,25,54,16,38,21.1,73.5,26.5,55.1,19.2,22.7,19,22.2,16.8,36,17.1,82.9,51.1,48.9,24.4,75.6
Brandon Rush,MIN,31,45,15,30,21.9,40,60,26.6,9.6,67,14.9,6.4,15.4,17,80,20,97.6,2.4,91,9
Brian Roberts,CHA,31,39,16,23,9.2,63.8,36.2,38.2,21.4,36.6,4.6,25.2,8.4,16.8,36,64,87.5,12.5,56.1,43.9
Briante Weber,CHA,24,18,12,6,8.9,87.2,12.8,85.7,8.2,0,22.4,14.3,42.9,77.6,38.1,61.9,0,0,38.1,61.9
Brice Johnson,LAC,22,2,0,2,3.3,100,0,100,0,0,0,0,0,100,100,0,0,0,100,0
Brook Lopez,BKN,29,74,20,54,29.6,67,33,54.4,7.1,26.4,4.4,19.2,10.8,47.3,50.7,49.3,98.5,1.5,62.4,37.6
Bruno Caboclo,TOR,21,8,7,1,2.9,40,60,0,0,100,0,0,0,0,0,0,100,0,100,0
Bryn Forbes,SAS,23,35,24,11,7.8,47.4,52.6,41.8,35.2,52.7,6.6,5.5,22,6.6,47.4,52.6,81.3,18.8,62.9,37.1
Buddy Hield,SAC,23,80,30,50,22.7,49.9,50.1,40.5,11.5,52,18.5,7.6,17.4,29,42.2,57.8,78.2,21.8,58.8,41.2
C.J. Watson,ORL,32,62,20,42,16.3,57.7,42.3,45.6,22.8,34.2,23.5,20.3,18.5,22.8,48.4,51.6,65.6,34.4,54.2,45.8
Cameron Payne,CHI,22,31,16,15,14.9,55.4,44.6,46.3,21.3,50.6,4.4,3.1,11.9,25,21.6,78.4,85.2,14.8,48.4,51.6
Caris LeVert,BKN,22,55,15,40,21.5,51.3,48.7,47.1,7.2,38.3,20.9,14.6,22,39.9,33.3,66.7,73.7,26.3,47.5,52.5
Carmelo Anthony,NYK,32,73,28,45,34.5,69.4,30.6,54.1,36.2,27.6,5.2,18.3,11.9,17.9,31.5,68.5,76.2,23.8,42.9,57.1
Chandler Parsons,MEM,28,34,18,16,19.8,58.1,41.9,47.6,10.5,35.7,13.3,16.7,23.3,37.1,66,34,80,20,70.7,29.3
Channing Frye,CLE,33,72,44,28,18.9,35.2,64.8,29.8,12.6,61.4,4.2,8.8,12.2,17.2,82.5,17.5,100,0,92.6,7.4
Chasson Randle,NYK,24,25,7,18,10.9,50,50,32,0,36,16,32,8.8,32,35,65,66.7,33.3,48.6,51.4
Cheick Diallo,NOP,20,15,8,7,9.5,100,0,82.1,35.7,0,12.5,17.9,16.1,46.4,60.9,39.1,0,0,60.9,39.1
Chinanu Onuaku,HOU,20,4,2,2,7.6,100,0,66.7,0,0,0,33.3,16.7,66.7,75,25,0,0,75,25
Chris Andersen,CLE,38,12,8,4,9.5,86.4,13.6,64.3,7.1,0,0,35.7,7.1,57.1,55.6,44.4,0,0,55.6,44.4
Chris McCullough,WAS,22,15,1,14,4.9,80.6,19.4,83.3,27.8,8.3,22.2,8.3,16.7,55.6,66.7,33.3,100,0,68.8,31.3
Chris Paul,LAC,31,59,41,18,31.5,61.4,38.6,45.7,30.1,33.4,12.5,20.9,13.7,15.5,12.3,87.7,37.8,62.2,20.7,79.3
Christian Wood,CHA,21,12,5,7,7.8,75,25,64.5,0,0,6.5,35.5,19.4,64.5,60,40,0,0,60,40
CJ McCollum,POR,25,80,40,40,34.9,69.5,30.5,55.2,25,30.2,9.7,14.6,12.3,30.2,26,74,74.1,25.9,38.9,61.1
CJ Miles,IND,30,74,37,37,23.4,36.9,63.1,27.4,8.5,62.1,10,10.5,17.1,18.8,56,44,95.2,4.8,79.6,20.4
CJ Wilcox,ORL,26,22,8,14,4.9,51.6,48.4,47.6,38.1,42.9,23.8,9.5,0,9.5,60,40,100,0,75,25
Clint Capela,HOU,22,64,43,21,23.8,100,0,88.2,0.5,0,10.9,11.8,17.6,87.7,82.6,17.4,0,0,82.6,17.4
Cody Zeller,CHA,24,60,33,27,27.9,99.8,0.2,79.6,5.4,0,11,20.4,15.5,74.1,79.5,20.5,0,0,79.5,20.5
Cole Aldrich,MIN,28,61,23,38,8.5,100,0,85.4,0,0,1.9,14.6,14.6,85.4,75,25,0,0,75,25
Corey Brewer,LAL,31,80,46,34,15.5,64.7,35.3,63.5,5.1,22.8,26.1,13.8,23.3,58.4,61.1,38.9,96.3,3.7,67.9,32.1
Cory Joseph,TOR,25,79,48,31,25.3,79.4,20.6,67.8,21.7,19.5,10.8,12.7,16.1,46.1,17.6,82.4,95.8,4.2,30.2,69.8
Courtney Lee,NYK,31,76,28,48,32.1,61.9,38.1,51.3,24.9,38.8,13.8,9.9,19,26.4,52.4,47.6,88.8,11.2,64.6,35.4
Cristiano Felicio,CHI,24,64,29,35,15.7,100,0,80.6,6.5,0,11,19.4,12.3,74.2,64,36,0,0,64,36
D.J. Augustin,ORL,29,76,28,48,19.7,47.3,52.7,32.1,12.1,46.6,12.4,21.3,17.8,20,20.4,79.6,73.7,26.3,46.6,53.4
Damian Jones,GSW,21,9,6,3,7.3,100,0,80,13.3,0,0,20,13.3,66.7,83.3,16.7,0,0,83.3,16.7
Damian Lillard,POR,26,75,38,37,35.9,61.1,38.9,44.2,12.4,31.7,9.4,24.1,13,31.8,23.5,76.5,49.5,50.5,31.9,68.1
Damjan Rudez,ORL,30,44,12,32,7,24.7,75.3,25,17.5,75,7.5,0,10,7.5,70,30,100,0,90,10
D'Angelo Russell,LAL,21,63,21,42,28.7,55.7,44.3,43.9,16.5,41.2,11.1,14.9,17.8,27.4,25.9,74.1,63.7,36.3,40.5,59.5
Daniel Ochefu,WAS,23,18,12,6,3.2,100,0,100,0,0,0,0,0,100,62.5,37.5,0,0,62.5,37.5
Danilo Gallinari,DEN,28,63,31,32,33.9,56.8,43.2,36.5,13.8,33,12.2,30.5,10.2,22.7,50.2,49.8,95.2,4.8,67.2,32.8
Danny Green,SAS,29,66,51,15,26.8,30.4,69.6,22.9,5.3,71.6,15.3,5.5,15.3,17.6,58.9,41.1,93.2,6.8,82.1,17.9
Dante Cunningham,NOP,29,64,27,37,25.1,50,50,47.7,10.1,48.4,16.1,3.9,12.8,37.6,77.8,22.2,100,0,86.7,13.3
Dante Exum,UTA,21,64,38,26,18.4,59.4,40.6,53.6,3.5,32,11.2,14.4,18.9,50.1,30.6,69.4,97.7,2.3,49.7,50.3
Danuel House,WAS,23,1,0,1,0.8,0,0,0,0,0,0,0,0,0,0,0,0,0,0,0
Dario Saric,PHI,23,80,28,52,26.3,63.2,36.8,53.1,10.1,30.6,11.1,16.2,18.3,43,51.6,48.4,92.4,7.6,63,37
Darrell Arthur,DEN,29,39,18,21,15.3,46.7,53.3,34.2,17.5,61.3,6.3,4.6,6.7,16.7,78,22,98,2,88.9,11.1
Darren Collison,SAC,29,68,26,42,30.3,75.5,24.5,59.3,25.8,24.3,16,16.3,17.7,33.6,36,64,75.3,24.7,44.4,55.6
Darrun Hilliard,DET,23,37,19,18,9.5,61.9,38.1,51.3,26.5,31.9,12.4,16.8,12.4,24.8,44.8,55.2,91.7,8.3,58.5,41.5
David Lee,SAS,33,77,58,19,18.6,100,0,86.4,10.2,0,10.6,13.6,11.8,76.2,69.8,30.2,0,0,69.8,30.2
David Nwaba,LAL,24,18,4,14,19.1,92.8,7.2,75.2,2,3,27.7,21.8,35.6,73.3,60.5,39.5,100,0,61.5,38.5
David West,GSW,36,66,55,11,12.5,96.7,3.3,83,35.3,2.9,5.6,14.1,12.1,47.7,79.5,20.5,100,0,80,20
Davis Bertans,SAS,24,65,51,14,12,26.7,73.3,22.4,4.8,68.4,11.6,9.2,14.6,17.7,75.8,24.2,95.5,4.5,89,11
DeAndre' Bembry,ATL,22,37,20,17,9.2,82.6,17.4,93.6,10.6,0,22.3,6.4,9.6,83,70.5,29.5,0,0,70.5,29.5
DeAndre Jordan,LAC,28,79,49,30,31.8,99.6,0.4,79.8,0,0,9.9,20.2,12.1,79.8,72.4,27.6,0,0,72.4,27.6
DeAndre Liggins,CLE,29,61,39,22,12.3,66.9,33.1,48.6,4.2,35.4,18.8,16,13.9,44.4,45.7,54.3,94.1,5.9,61.5,38.5
Dejounte Murray,SAS,20,37,29,8,8.5,80,20,62.5,3.1,21.1,17.2,16.4,20.3,59.4,42.5,57.5,88.9,11.1,51,49
Delon Wright,TOR,24,26,18,8,16.1,74.3,25.7,52.5,1.4,19.1,18.4,28.4,25.5,51.1,13.5,86.5,55.6,44.4,21.7,78.3
DeMar DeRozan,TOR,27,74,47,27,35.4,92,8,68.1,30.5,4.9,9.3,27,12.8,37.6,18.8,81.3,84.8,15.2,21.8,78.2
DeMarcus Cousins,NOP,26,72,30,42,34.2,74.7,25.3,53.1,9.5,20.2,4.6,26.6,13.3,43.7,39.9,60.1,89.3,10.7,49.9,50.1
DeMarre Carroll,TOR,30,71,43,28,26.3,41.8,58.2,34.6,6.6,51.4,18.2,14,19.3,28,58.2,41.8,95.4,4.6,76.7,23.3
Demetrius Jackson,BOS,22,5,1,4,3.4,75,25,40,20,30,20,30,30,20,50,50,100,0,66.7,33.3
Dennis Schroder,ATL,23,78,41,37,31.5,75.7,24.3,63.3,19.3,21.3,10.2,15.4,16.5,44,20.9,79.1,67,33,29.4,70.6
Denzel Valentine,CHI,23,55,26,29,17.5,28,72,20,6.4,75,13.2,5,16.1,13.6,50,50,91.4,8.6,79.6,20.4
Deron Williams,CLE,32,62,25,37,25.6,61.2,38.8,51.5,24.4,35.2,6.4,13.3,14.5,27.1,21.3,78.7,75.3,24.7,38.2,61.8
Derrick Favors,UTA,25,49,32,17,23.8,97.6,2.4,83.8,22.6,1.9,1.9,14.3,10.7,61.1,79.1,20.9,100,0,79.4,20.6
"Derrick Jones, Jr.",PHX,20,31,7,24,16.5,92.9,7.1,79.7,5.1,3.8,24.1,16.5,24.1,74.7,66.7,33.3,100,0,67.7,32.3
Derrick Rose,NYK,28,64,26,38,32.5,93.9,6.1,77.5,21.7,3.4,17,19.2,11.7,55.8,21.7,78.3,69.2,30.8,23,77
Derrick Williams,CLE,25,48,16,32,16,60.2,39.8,52.4,14.3,28.6,19,19,13.3,38.1,70.1,29.9,96.4,3.6,77.1,22.9
Devin Booker,PHX,20,78,24,54,35,71.7,28.3,53.2,22.9,25.6,22.4,21.3,18,30.2,33.3,66.7,76.2,23.8,43.7,56.3
Devin Harris,DAL,34,63,28,35,16.6,48.3,51.7,34.5,6.3,40.9,15.3,24.6,21.7,28.2,49.3,50.7,82.1,17.9,63.8,36.2
Dewayne Dedmon,SAS,27,74,55,19,17.5,100,0,83.2,4.2,0,7.9,16.8,20.2,79.1,71.1,28.9,0,0,71.1,28.9
Deyonta Davis,MEM,20,35,23,12,6.5,100,0,82.8,3.4,0,1.7,17.2,22.4,79.3,66.7,33.3,0,0,66.7,33.3
Diamond Stone,LAC,20,7,6,1,3.5,100,0,60,40,0,0,40,0,20,100,0,0,0,100,0
Dion Waiters,MIA,25,46,27,19,30.1,67.6,32.4,53.8,17,35,13.3,11.2,14.3,36.8,19.4,80.6,80,20,37.7,62.3
Dirk Nowitzki,DAL,38,53,23,30,26.4,68.8,31.2,55.9,40.9,31.3,3.7,12.8,13.1,15,76.1,23.9,100,0,82.6,17.4
Domantas Sabonis,OKC,20,79,45,34,20.1,66.7,33.3,59,13.5,32.8,8.3,8.3,15.3,45.4,62.2,37.8,100,0,72.4,27.6
Donatas Motiejunas,NOP,26,32,15,17,13.7,65,35,60.3,1.5,24.3,16.9,15.4,13.2,58.8,70.7,29.3,100,0,76.9,23.1
Dorian Finney-Smith,DAL,23,79,32,47,20,42.6,57.4,38.5,4.1,47.9,14.2,13.6,21.9,34.3,66.2,33.8,98.1,1.9,80.7,19.3
Doug McDermott,OKC,25,66,35,31,22.8,58,42,49,18.2,39,10.5,12,11,30.7,76.6,23.4,98.7,1.3,84.2,15.8
Dragan Bender,PHX,19,42,13,29,13.1,37.3,62.7,38.3,5.7,59.6,17.7,2.1,21.3,32.6,59.3,40.7,100,0,80,20
Draymond Green,GSW,27,75,62,13,32.6,59.7,40.3,49.3,1.8,31.1,21.4,19.6,17.5,47.5,71.1,28.9,97.5,2.5,78.9,21.1
Dwight Howard,ATL,31,73,36,37,29.8,99.7,0.3,77.5,2.6,0,5.6,22.5,11.4,74.9,66.1,33.9,0,0,66.1,33.9
Dwight Powell,DAL,25,75,29,46,17,83.8,16.2,69.6,10.9,10.3,6.1,20,15.2,58.7,83.7,16.3,100,0,85.2,14.8
Dwyane Wade,CHI,35,58,27,31,30.1,84.5,15.5,67.1,27.1,12.5,18.7,20.4,17.7,40,33,67,64.4,35.6,36.5,63.5
Ed Davis,POR,27,46,19,27,17.2,100,0,75,0,0,1.5,25,11.5,75,66.7,33.3,0,0,66.7,33.3
Edy Tavares,ATL,25,1,1,0,3.6,100,0,100,0,0,0,0,0,100,100,0,0,0,100,0
Elfrid Payton,ORL,23,80,28,52,29.5,84,16,74.4,11,11.2,21.3,14.4,14,63.3,13,87,89.5,10.5,20,80
Elijah Millsap,PHX,29,1,1,0,12,60,40,0,0,0,0,0,0,0,0,0,0,0,0,0
Emmanuel Mudiay,DEN,21,55,25,30,25.6,67.7,32.3,50.4,9,27.9,15.8,21.7,15.8,41.5,36.8,63.2,91.1,8.9,51.4,48.6
Enes Kanter,OKC,24,70,42,28,21.4,94.7,5.3,76.8,8.7,1.5,9.3,21.8,12.4,68.1,49.5,50.5,100,0,50.1,49.9
Eric Bledsoe,PHX,27,66,22,44,33,70,30,49.6,13.1,22.4,20.1,27.9,14.1,36.5,11.6,88.4,51,49,20.7,79.3
Eric Gordon,HOU,28,73,49,24,31.1,35,65,27.2,2.5,60.8,15,11.9,11.9,24.7,43.8,56.2,84.2,15.8,68,32
Ersan Ilyasova,ATL,29,80,34,46,26.4,54.6,45.4,44.9,14.5,40.2,14.4,14.9,16.4,30.4,73.2,26.8,94.3,5.7,81.1,18.9
E'Twaun Moore,NOP,28,72,31,41,25.1,66.4,33.6,58.8,16.4,33.1,18.1,8,17.4,42.5,42,58,88.3,11.7,54.6,45.4
Evan Fournier,ORL,24,66,22,44,33,61.1,38.9,47.9,9.1,32.9,12.9,19.3,14.8,38.7,45.4,54.6,87.2,12.8,58.5,41.5
Evan Turner,POR,28,63,33,30,25.5,78.2,21.8,69.1,27.7,16,10.3,14.9,9.9,41.5,17.9,82.1,90,10,27.6,72.4
Frank Kaminsky,CHA,24,73,31,42,26.1,55.6,44.4,46.2,6.2,40.2,2.5,13.5,14.1,40,62.5,37.5,100,0,76.3,23.7
Fred VanVleet,TOR,23,36,24,12,7.6,73.1,26.9,51,13.7,32.4,16.7,16.7,28.4,37.3,26.9,73.1,81.8,18.2,43.2,56.8
Garrett Temple,SAC,30,64,24,40,26.6,48.7,51.3,39.9,12.5,48.4,17.5,11.7,20,27.4,51.5,48.5,91.3,8.8,69.3,30.7
Gary Harris,DEN,22,56,28,28,31.2,60.4,39.6,50.8,6,37.2,19.1,12,17.3,44.8,66.8,33.2,97.1,2.9,76.8,23.2
Gary Neal,ATL,32,2,1,1,9.2,71.4,28.6,0,0,0,0,100,100,0,0,0,0,0,0,0
Gary Payton II,MIL,24,4,1,3,16.5,61.1,38.9,70.6,11.8,17.6,11.8,11.8,23.5,58.8,66.7,33.3,100,0,71.4,28.6
George Hill,UTA,30,47,31,16,32,62,38,47.7,15.8,33.2,9,19.1,12.9,31.9,24.7,75.3,65.9,34.1,37.8,62.2
Georges Niang,IND,23,23,11,12,4,66.7,33.3,76.2,0,14.3,9.5,9.5,28.6,76.2,62.5,37.5,100,0,66.7,33.3
Georgios Papagiannis,SAC,19,20,6,14,15,98.9,1.1,91.4,11.4,0,0,8.6,13.3,80,56.3,43.8,0,0,56.3,43.8
Gerald Green,BOS,31,46,31,15,11.2,52.5,47.5,42.6,14.8,45.5,10.2,11.9,11.5,27.9,57.7,42.3,81.1,18.9,67.4,32.6
Gerald Henderson,PHI,29,70,24,46,23.1,68.8,31.2,52.1,22.4,27.6,16.1,20.2,18.3,29.8,54.7,45.3,90,10,63.9,36.1
Giannis Antetokounmpo,MIL,22,79,41,38,35.6,85.6,14.4,66.1,9.1,8.1,23.4,25.9,20.7,57,42,58,71.4,28.6,44.2,55.8
Glenn Robinson III,IND,23,69,35,34,20.7,63,37,52,20.5,35.1,16,12.9,19.1,31.5,64.2,35.8,98,2,74.7,25.3
Goran Dragic,MIA,30,71,38,33,33.6,73.8,26.2,56,14.6,24,16.9,20.1,16.8,41.4,20.6,79.4,66.1,33.9,30.7,69.3
Gordon Hayward,UTA,27,72,45,27,34.6,67.5,32.5,49,15.2,28.2,11.5,22.8,17.1,33.8,42.9,57.1,74.5,25.5,51.7,48.3
Gorgui Dieng,MIN,27,80,31,49,32.3,93.5,6.5,76.9,28.8,6.1,7.3,17.1,14.3,48,77.6,22.4,93.8,6.3,78.4,21.6
Greg Monroe,MIL,26,79,41,38,22.5,99.7,0.3,81.5,8.6,0,7,18.5,15.2,72.9,58.1,41.9,0,0,58.1,41.9
Greivis Vasquez,BKN,30,3,1,2,12.9,62.5,37.5,28.6,28.6,42.9,71.4,28.6,42.9,0,0,100,0,100,0,100
Harrison Barnes,DAL,24,79,32,47,35.5,82.7,17.3,68.6,28.1,15.4,4.6,15.9,12.3,40.6,43.4,56.6,94.9,5.1,50.1,49.9
Hassan Whiteside,MIA,27,75,37,38,32.6,100,0,83,8.6,0,2.2,17,12.2,74.5,58.2,41.8,0,0,58.2,41.8
Henry Ellenson,DET,20,17,8,9,6.5,44,56,40,13.3,53.3,6.7,6.7,17.8,26.7,66.7,33.3,100,0,82.4,17.6
Hollis Thompson,NOP,26,40,12,28,18.8,52.5,47.5,43.9,9.8,46.8,6.3,9.3,9.8,34.1,73.3,26.7,96.9,3.1,83.1,16.9
Ian Clark,GSW,26,75,62,13,14.6,62.5,37.5,56.5,15.8,35.2,14.2,8.3,13.5,40.8,66.7,33.3,96.7,3.3,75.5,24.5
Ian Mahinmi,WAS,30,30,18,12,17.8,100,0,74.3,0,0,5.4,25.7,9,74.3,71,29,0,0,71,29
Iman Shumpert,CLE,26,74,48,26,25.2,45.6,54.4,36.3,18.7,51.7,11.9,11.9,14.1,17.6,37.4,62.6,88.3,11.7,62.2,37.8
Isaiah Canaan,CHI,25,38,18,20,15.4,45.9,54.1,43.2,13.6,40.9,19.9,15.9,22.7,29.5,36.8,63.2,91.7,8.3,58.1,41.9
Isaiah Taylor,HOU,22,2,2,0,13.6,50,50,66.7,66.7,0,0,33.3,0,0,100,0,0,0,100,0
Isaiah Thomas,BOS,28,74,49,25,34,56.3,43.7,39.6,6.7,33.5,15,26.9,13.2,33,34.1,65.9,60.6,39.4,43.6,56.4
Isaiah Whitehead,BKN,22,71,17,54,22.4,70.8,29.2,58.6,7.5,24.2,18.8,17.1,14.7,51.1,30.8,69.2,86,14,42.7,57.3
Ish Smith,DET,28,79,37,42,23.9,86.3,13.7,79.5,30.5,11.2,16.8,9.3,8.6,49,11.5,88.5,74.1,25.9,16.9,83.1
Ivica Zubac,LAL,20,38,8,30,16,98.7,1.3,88.7,14.8,0,6.3,11.3,9.9,73.9,80.2,19.8,0,0,80.2,19.8
J.J. Barea,DAL,32,34,11,23,21.9,57.4,42.6,47.3,17.9,40.8,5.2,12,15.5,29.3,17.2,82.8,42,58,26.3,73.7
Jabari Parker,MIL,22,51,22,29,33.9,78.1,21.9,65.2,12.9,19,18.9,15.8,15.5,52.3,59.9,40.1,98.5,1.5,66.2,33.8
Jae Crowder,BOS,26,70,46,24,32.5,45.4,54.6,35.4,10.5,46.6,11.7,18,16,24.9,75.6,24.4,94,6,84.2,15.8
Jahlil Okafor,PHI,21,50,15,35,22.7,100,0,82,8.1,0,4.7,18,14.9,73.9,42.6,57.4,0,0,42.6,57.4
Jake Layman,POR,23,33,15,18,5.5,34.4,65.6,28.1,9.4,51.6,18.8,20.3,14.1,18.8,66.7,33.3,100,0,85,15
Jakob Poeltl,TOR,21,53,37,16,11.4,100,0,81,2.5,0,5.1,19,15.2,78.5,70.3,29.7,0,0,70.3,29.7
Jamal Crawford,LAC,37,80,49,31,26.3,63.1,36.9,48.6,27.9,34.4,12.3,17,12.5,20.7,21.1,78.9,59.8,40.2,33.5,66.5
Jamal Murray,DEN,20,80,38,42,21.1,52.6,47.4,44.4,11.1,42.2,11.1,13.3,12.7,33.3,50,50,71.6,28.4,58.4,41.6
Jameer Nelson,DEN,35,75,34,41,27.3,54.8,45.2,47.2,18,46.3,11.9,6.6,11.9,29.1,32.7,67.3,72.6,27.4,48.5,51.5
James Ennis III,MEM,26,64,32,32,23.4,57.3,42.7,44.3,3.7,35.7,19.1,20,23.3,40.6,62.1,37.9,94.1,5.9,73.3,26.7
James Harden,HOU,27,79,53,26,36.5,51,49,35.2,5.6,33.2,13.7,31.6,15,29.6,9.3,90.7,30.5,69.5,17.5,82.5
James Johnson,MIA,30,74,38,36,27.2,66.8,33.2,57,8.4,27.2,9.5,15.7,14.3,48.6,30.4,69.6,93,7,45.5,54.5
James Jones,CLE,36,47,28,19,7.3,28.9,71.1,17.9,11.4,73.2,7.3,8.9,13.8,6.5,63.6,36.4,93.3,6.7,85.4,14.6
James Michael McAdoo,GSW,24,50,42,8,8.5,94.5,5.5,83.8,10.3,2.2,19.1,14,7.4,73.5,87.7,12.3,100,0,87.9,12.1
James Young,BOS,21,28,15,13,7.7,40.4,59.6,38.8,3,53.7,3,7.5,17.9,35.8,76.9,23.1,100,0,88,12
JaMychal Green,MEM,26,76,40,36,27.4,71.4,28.6,56.9,13.7,23.6,8.3,19.5,17.9,43.1,60,40,98.1,1.9,68.3,31.7
Jared Dudley,PHX,31,64,17,47,21.3,41.3,58.7,36.9,16.6,53.2,11.8,9.9,20.7,20.3,61.3,38.7,100,0,80.3,19.7
Jared Sullinger,TOR,25,11,2,9,10.7,61.7,38.3,64.9,16.2,24.3,0,10.8,21.6,48.6,83.3,16.7,66.7,33.3,80,20
Jarell Eddie,PHX,25,5,0,5,12.5,15.8,84.2,16.7,0,50,20.8,33.3,12.5,16.7,50,50,100,0,83.3,16.7
Jarell Martin,MEM,22,41,23,18,13.5,83,17,59.6,16.1,16.8,13.7,23.6,9.9,43.5,64.6,35.4,100,0,70.2,29.8
Jarnell Stokes,DEN,23,2,0,2,3.3,100,0,66.7,0,0,0,33.3,66.7,66.7,100,0,0,0,100,0
Jarrett Jack,NOP,33,2,1,1,16.5,66.7,33.3,66.7,33.3,0,66.7,33.3,0,33.3,50,50,0,0,50,50
Jarrod Uthoff,DAL,23,7,1,6,10.9,76.7,23.3,66.7,25,25,8.3,8.3,0,41.7,62.5,37.5,50,50,60,40
Jason Smith,WAS,31,72,44,28,14.4,76.3,23.7,64.7,40.4,27,3.4,8.3,10.7,24.3,85,15,100,0,88.2,11.8
Jason Terry,MIL,39,72,36,36,18.6,29.9,70.1,21.4,4.1,70.3,11,8.3,14.5,17.2,58.1,41.9,94.1,5.9,82.8,17.2
JaVale McGee,GSW,29,75,61,14,9.4,99,1,88,1.3,0,11.3,12,14.7,86.7,77.3,22.7,0,0,77.3,22.7
Jaylen Brown,BOS,20,76,48,28,17.1,68.1,31.9,56.2,6,26.9,20.7,16.9,23.3,50.2,63.1,36.9,95.6,4.4,71,29
Jeff Green,ORL,30,69,26,43,22.2,65.4,34.6,52.4,15.4,24.9,19,22.7,14.1,37,43.7,56.3,94.3,5.7,55.9,44.1
Jeff Teague,IND,28,80,40,40,32.4,72.2,27.8,49.7,10,21.9,10.9,28.4,13.4,39.7,9.6,90.4,60.7,39.3,21.2,78.8
Jeff Withey,UTA,27,50,32,18,8.5,99,1,75.5,4.2,0,4.9,24.5,10.5,71.3,59.3,40.7,0,0,59.3,40.7
Jerami Grant,OKC,23,78,42,36,19.1,64.4,35.6,49.8,5.3,29.4,15.1,20.8,15.6,44.5,66.3,33.7,97.6,2.4,75.2,24.8
Jeremy Lamb,CHA,24,60,27,33,18.2,70.3,29.7,60.7,20.4,21.1,8.4,18.2,13.9,40.4,34.7,65.3,75,25,42.3,57.7
Jeremy Lin,BKN,28,35,13,22,24.3,61.4,38.6,46.3,13.3,33.8,14.9,19.9,12.9,33,23.5,76.5,62.5,37.5,36.3,63.7
Jerian Grant,CHI,24,61,27,34,16,55.7,44.3,42,16.1,39.7,12.6,18.4,19,25.9,28.8,71.2,78.3,21.7,47.9,52.1
Jerryd Bayless,PHI,28,3,1,2,23.8,84.4,15.6,54.5,6.1,18.2,33.3,27.3,6.1,48.5,22.2,77.8,0,100,18.2,81.8
Jimmy Butler,CHI,27,74,38,36,37.1,80,20,52.6,20.2,15.2,17,32.1,16.4,32.5,36,64,63.3,36.7,40.4,59.6
JJ Redick,LAC,32,76,48,28,28.2,47.4,52.6,33,22.2,51.6,13.6,15.4,14.3,10.8,81,19,95.4,4.6,88.3,11.7
Joakim Noah,NYK,32,46,17,29,22.1,99.5,0.5,85.3,0.9,0,4.3,14.7,12.1,84.5,49.5,50.5,0,0,49.5,50.5
Jodie Meeks,ORL,29,34,13,21,20.7,47.1,52.9,29.8,12.1,50.5,13.3,19.7,14.6,17.8,76.6,23.4,92.5,7.5,85,15
Joe Harris,BKN,25,52,10,42,21.9,39,61,32.2,3.7,59.6,8.6,8.2,10.7,28.5,71,29,92.9,7.1,83.1,16.9
Joe Ingles,UTA,29,80,49,31,23.9,38.1,61.9,27.5,5,63.6,10.3,8.9,17.8,22.5,36.4,63.6,82.4,17.6,64.3,35.7
Joe Johnson,UTA,35,76,45,31,23.7,59.1,40.9,47.4,15.7,43.6,3.2,9,12.8,31.7,14.7,85.3,85,15,41.4,58.6
Joe Young,IND,24,33,18,15,4.1,68.1,31.9,61.8,32.4,22.1,19.1,16.2,27.9,29.4,23.8,76.2,40,60,26.9,73.1
Joel Anthony,SAS,34,19,15,4,6.4,100,0,80,8,0,16,20,24,72,80,20,0,0,80,20
Joel Bolomboy,UTA,23,11,7,4,3.4,76.9,23.1,70,0,15,15,15,25,70,85.7,14.3,100,0,87.5,12.5
Joel Embiid,PHI,23,31,13,18,25.4,77.2,22.8,52.3,13.7,17.2,5.9,30.5,13.2,38.6,53,47,97.2,2.8,61,39
Joffrey Lauvergne,CHI,25,68,39,29,14.2,70.9,29.1,60.9,6.5,26.7,11.6,12.4,16.7,54.4,69,31,100,0,76,24
John Henson,MIL,26,56,25,31,19.6,99.7,0.3,80.6,6.3,0,4.5,19.4,10.7,74.3,71.4,28.6,0,0,71.4,28.6
John Jenkins,PHX,26,4,0,4,3.2,60,40,28.6,28.6,42.9,71.4,28.6,0,0,100,0,100,0,100,0
John Lucas III,MIN,34,5,3,2,2.1,75,25,100,0,0,0,0,0,100,0,100,0,0,0,100
John Wall,WAS,26,78,48,30,36.4,81,19,61.8,18.9,14.8,25.6,23.4,17.9,42.9,14,86,62.9,37.1,20.7,79.3
Johnny O'Bryant III,CHA,23,11,4,7,7.3,80,20,63.2,10.5,23.7,10.5,13.2,18.4,52.6,83.3,16.7,100,0,86.7,13.3
Jon Leuer,DET,27,73,34,39,26.3,74.1,25.9,68.2,21.4,19.2,13.7,12.5,14,46.8,73.6,26.4,100,0,77.7,22.3
Jonas Jerebko,BOS,30,76,49,27,16,50.2,49.8,46.8,8.8,44.7,12.9,8.5,14.6,38,58,42,100,0,74.3,25.7
Jonas Valanciunas,TOR,24,79,49,30,26,99.9,0.1,81.4,14.2,0,3,18.6,11.9,67.2,61.3,38.7,0,0,61.3,38.7
Jonathan Gibson,DAL,29,17,4,13,13.6,52.6,47.4,37.7,17,42.5,15.1,19.8,13.2,20.8,30,70,80,20,51.4,48.6
Jonathon Simmons,SAS,27,76,60,16,18,75.4,24.6,60.3,13.5,19,19.4,20.7,20.9,46.8,50.3,49.7,100,0,59,41
Jordan Clarkson,LAL,24,80,25,55,29.2,67,33,59.8,14.8,28.9,14.7,11.3,16.9,45,25.4,74.6,77.9,22.1,38.1,61.9
Jordan Crawford,NOP,28,17,8,9,23.4,55.4,44.6,50.6,19.9,41.1,25.7,8.3,14.9,30.7,23,77,87.9,12.1,45.7,54.3
Jordan Farmar,SAC,30,2,1,1,17.7,25,75,0,0,100,0,0,0,0,0,0,75,25,75,25
Jordan Hill,MIN,29,7,2,5,6.7,100,0,83.3,33.3,0,0,16.7,33.3,50,20,80,0,0,20,80
Jordan McRae,CLE,26,37,26,11,10.4,66,34,49.7,22.4,33.5,9.9,16.8,10.6,27.3,37.5,62.5,94.4,5.6,55.2,44.8
Jordan Mickey,BOS,22,25,9,16,5.6,97.1,2.9,78.9,10.5,0,0,21.1,10.5,68.4,73.3,26.7,0,0,73.3,26.7
Jose Calderon,ATL,35,39,14,25,12.6,52.5,47.5,49.2,29.5,41.8,7.4,9,13.1,19.7,53.3,46.7,94.1,5.9,68.1,31.9
Josh Huestis,OKC,25,1,0,1,6.9,50,50,57.1,28.6,42.9,28.6,0,0,28.6,100,0,100,0,100,0
Josh McRoberts,MIA,30,22,6,16,17.3,73.7,26.3,57.9,16.8,36.4,0,5.6,14,41.1,51.6,48.4,92.3,7.7,63.6,36.4
Josh Richardson,MIA,23,51,21,30,30,55.9,44.1,46.7,19.8,41.6,11.7,11.7,17.4,26.9,35.6,64.4,92.9,7.1,56.9,43.1
JR Smith,CLE,31,39,25,14,28.8,23.1,76.9,15.7,6.4,81.3,14.9,2.9,16.9,9.3,33.3,66.7,95.7,4.3,81.7,18.3
Jrue Holiday,NOP,26,65,31,34,33,68.3,31.7,58.6,14.3,29.8,14.2,11.6,11.1,44.3,23.1,76.9,48,52,29.4,70.6
Juan Hernangomez,DEN,21,60,28,32,13,50,50,35.5,0.7,44.7,18.1,19.9,15.2,34.8,58,42,100,0,77.2,22.8
Julius Randle,LAL,22,72,23,49,29.1,91.7,8.3,73.6,7.6,5.4,18.3,21,17,66,48,52,94.1,5.9,50.1,49.9
Justin Anderson,PHI,23,73,24,49,16,55.7,44.3,48.4,1.6,33,13.8,18.6,20.4,46.8,52.9,47.1,94.5,5.5,65.9,34.1
Justin Hamilton,BKN,27,62,14,48,18.2,51.9,48.1,52.5,5.7,38.3,8.3,9.2,15.4,46.8,73,27,98.1,1.9,81.2,18.8
Justin Harper,PHI,27,3,1,2,10.4,41.7,58.3,50,33.3,50,25,0,25,16.7,100,0,100,0,100,0
Justin Holiday,NYK,28,81,30,51,20,49.2,50.8,43.3,17.4,46.8,10.2,9.9,14.3,25.9,75,25,97.9,2.1,84.6,15.4
Justise Winslow,MIA,21,18,4,14,34.7,84.4,15.6,74.5,15.3,10.7,17.3,14.8,21.9,59.2,39.7,60.3,100,0,45,55
Jusuf Nurkic,POR,22,65,34,31,21.4,99.8,0.2,81.9,5.4,0,8.9,18.1,15.7,76.4,60.5,39.5,0,0,60.5,39.5
Karl-Anthony Towns,MIN,21,80,31,49,36.9,81.6,18.4,68.2,12.1,14.3,5.8,17.5,13.5,56.1,59.4,40.6,95.8,4.2,63.8,36.2
Kawhi Leonard,SAS,25,72,54,18,33.7,70.3,29.7,51.5,23.4,23.4,14,25.1,17.3,28.1,38.9,61.1,78.6,21.4,48.2,51.8
Kay Felder,CLE,22,41,25,16,9.2,85.8,14.2,65.4,30.9,13,9.9,21.6,13.6,34.6,20.8,79.2,71.4,28.6,26.7,73.3
Kelly Olynyk,BOS,25,73,47,26,20.6,62,38,57.1,7.3,29.6,6.2,13.4,14.4,49.8,71.3,28.7,96.9,3.1,77.9,22.1
Kelly Oubre Jr.,WAS,21,77,46,31,20,55.7,44.3,52.2,10.8,33.5,24.8,14.3,25.3,41.4,54,46,98.1,1.9,67.2,32.8
Kemba Walker,CHA,26,79,36,43,34.7,58.5,41.5,44,13.3,39.3,10.1,16.6,14.6,30.7,20.1,79.9,51.3,48.8,31.7,68.3
Kenneth Faried,DEN,27,61,29,32,21.2,98.6,1.4,77.7,2.4,0,11.9,22.3,12.4,75.3,62.7,37.3,0,0,62.7,37.3
Kent Bazemore,ATL,27,72,38,34,27,63.4,36.6,50.9,17.9,34,18.5,15,21.9,33,52,48,84.4,15.6,62,38
Kentavious Caldwell-Pope,DET,24,74,33,41,33.4,53.3,46.7,41.7,19.6,43.7,20.5,14.6,19.6,22.1,52.6,47.4,77.9,22.1,63,37
Kevin Durant,GSW,28,60,50,10,33.5,69.9,30.1,55.9,15.8,22.3,22.6,21.9,18.6,40.1,56.9,43.1,81.3,18.8,62,38
Kevin Love,CLE,28,59,40,19,31.3,54.9,45.1,39,11.3,38.7,5.4,22.3,10.7,27.8,54.6,45.4,98.6,1.4,72.1,27.9
Kevin Seraphin,IND,27,47,21,26,11.2,98.9,1.1,94.7,29,0,1.9,5.3,11.1,65.7,64.3,35.7,0,0,64.3,35.7
Kevon Looney,GSW,21,53,44,9,8.4,91.6,8.4,80,0,4.4,8.1,15.6,16.3,80,83.3,16.7,100,0,83.9,16.1
Khris Middleton,MIL,25,28,18,10,30.5,69.4,30.6,50.6,25.3,29.9,5.1,19.5,20,25.3,49,51,90.2,9.8,60.7,39.3
KJ McDaniels,BKN,24,47,28,19,10,61.4,38.6,55.8,3.2,30,19.5,14.2,20,52.6,52.8,47.2,94.7,5.3,63.9,36.1
Klay Thompson,GSW,27,77,65,12,34.1,52.9,47.1,43.1,19.1,46.3,19,10.6,18,24,75.3,24.7,95.5,4.5,83.8,16.2
Kosta Koufos,SAC,28,71,27,44,20,99.7,0.3,91.9,2.1,0,5.3,8.1,11.5,89.8,72.7,27.3,0,0,72.7,27.3
Kris Dunn,MIN,23,76,30,46,16.9,76.1,23.9,64.8,26.3,22.4,15.7,12.8,21.4,38.4,27.5,72.5,66.7,33.3,34.8,65.2
Kris Humphries,ATL,32,54,30,24,12,75.6,24.4,53.4,15.4,21.9,11.3,24.7,14.2,38.1,68.2,31.8,100,0,75,25
Kristaps Porzingis,NYK,21,66,26,40,32.8,68.1,31.9,55.4,19.7,28.1,7.9,16.6,12.4,35.6,66.8,33.2,98.2,1.8,74.7,25.3
Kyle Anderson,SAS,23,70,53,17,14,81.1,18.9,63.8,13.8,18.1,9.1,18.1,21.1,50,60.8,39.2,100,0,67,33
Kyle Korver,CLE,36,65,33,32,26.3,30.2,69.8,22.8,17,71.7,8.5,5.5,13.1,5.8,92,8,97.5,2.5,95.7,4.3
Kyle Lowry,TOR,31,59,35,24,37.7,49.1,50.9,34.6,6.5,43.3,15.1,22.2,14.6,28.1,13.9,86.1,52.6,47.4,31.5,68.5
Kyle O'Quinn,NYK,27,78,28,50,15.6,96.1,3.9,86.4,23.2,0.6,5.3,13,12.6,63.1,66,34,100,0,66.2,33.8
Kyle Singler,OKC,28,30,14,16,11,52.3,47.7,60.9,2.9,26.1,27.5,13,10.1,58,57.1,42.9,100,0,66.7,33.3
Kyle Wiltjer,HOU,24,13,11,2,3.3,7.1,92.9,0,0,92.3,0,7.7,23.1,0,0,0,75,25,75,25
Kyrie Irving,CLE,25,72,47,25,35.1,68.9,31.1,54.4,21.6,29.2,9.7,16.4,10.7,32.8,22.3,77.7,53.1,46.9,30.4,69.6
Lamar Patterson,ATL,25,5,1,4,8.1,60,40,44.4,0,33.3,0,22.2,33.3,44.4,0,100,100,0,33.3,66.7
LaMarcus Aldridge,SAS,31,70,52,18,32.6,94.7,5.3,76.3,36.9,5.7,4.6,18,14.2,39.4,57.9,42.1,95.7,4.3,59.7,40.3
Lance Stephenson,IND,26,16,6,10,19.9,82.1,17.9,76.8,30.4,16.1,13.4,7.1,8,46.4,41.9,58.1,83.3,16.7,46.9,53.1
Lance Thomas,NYK,28,46,15,31,21,65.2,34.8,42.9,16,41.5,5.1,15.6,11.6,26.9,44.1,55.9,97.4,2.6,64.9,35.1
Langston Galloway,SAC,25,72,28,44,19.8,42.3,57.7,29.3,18,62.4,19.6,8.3,13.6,11.3,45.8,54.2,91.5,8.5,72.6,27.4
Larry Nance Jr.,LAL,24,61,20,41,22.6,90.9,9.1,81.1,17.2,5.6,14,13.3,20.7,63.9,74.7,25.3,100,0,75.8,24.2
Larry Sanders,CLE,28,4,2,2,2.6,100,0,0,0,0,0,100,0,0,0,0,0,0,0,0
Lavoy Allen,IND,28,60,30,30,14.4,99.4,0.6,86.9,24,0,5.1,13.1,13.1,62.9,75,25,0,0,75,25
Leandro Barbosa,PHX,34,67,20,47,14.4,75,25,65.4,22.4,25.1,17.4,9.5,21.7,43,32.1,67.9,85.7,14.3,43,57
LeBron James,CLE,32,74,51,23,37.8,74.6,25.4,62.6,9.8,19,20.8,18.3,15.5,52.8,35.5,64.5,49.2,50.8,37.8,62.2
Lou Williams,HOU,30,80,33,47,24.6,55.5,44.5,37.5,7.5,34.4,15.9,28.1,12.5,30,24.5,75.5,59.9,40.1,37.9,62.1
Luc Mbah a Moute,LAC,30,78,47,31,22.2,70.7,29.3,61.1,15.8,26.4,16.3,12.5,18.2,45.3,79.9,20.1,97.5,2.5,83.8,16.2
Lucas Nogueira,TOR,24,56,33,23,19.2,93.5,6.5,79.1,1.6,3.6,11.9,17.4,18.6,77.5,78,22,100,0,78.6,21.4
Luis Scola,BKN,36,36,7,29,12.8,66.9,33.1,58.7,3.3,27.7,12,13.6,16.3,55.4,40.7,59.3,94.1,5.9,53.5,46.5
Luke Babbitt,MIA,27,68,35,33,15.7,25.3,74.7,16,8.6,80.6,2.2,3.4,10.8,7.4,61.5,38.5,96.6,3.4,88.5,11.5
Luol Deng,LAL,31,56,18,38,26.5,61.1,38.9,53.2,10.8,36,16.5,10.8,15.3,42.4,54.9,45.1,92.2,7.8,66.5,33.5
Malachi Richardson,SAC,21,22,9,13,9,58.8,41.2,50.6,30.4,30.4,6.3,19,7.6,20.3,65,35,75,25,67.9,32.1
Malcolm Brogdon,MIL,24,73,37,36,26.5,69.6,30.4,55.1,9.1,30.4,9.6,14.5,19,46.1,42.5,57.5,89.5,10.5,55.1,44.9
Malcolm Delaney,ATL,28,71,36,35,17.1,72.1,27.9,61.5,47.2,19.9,10.6,18.6,17.8,14.3,23.3,76.7,88,12,34.8,65.2
Malik Beasley,DEN,20,20,10,10,4.6,61.4,38.6,52,8,36,36,12,18,44,30.8,69.2,100,0,52.6,47.4
Manny Harris,DAL,27,4,1,3,6.2,86.7,13.3,75,0,0,0,25,37.5,75,33.3,66.7,0,0,33.3,66.7
Manu Ginobili,SAS,39,67,51,16,18.8,48.7,51.3,32.3,5.2,50.9,12.6,16.8,18.6,27.1,45.7,54.3,78.8,21.2,62.7,37.3
Marc Gasol,MEM,32,73,40,33,34.3,76.8,23.2,59.2,22.3,21.6,3.6,19.3,12.6,36.8,56.8,43.2,98.1,1.9,64.9,35.1
Marcelo Huertas,LAL,33,23,5,18,10.3,72.1,27.9,66.7,22.2,19,15.9,14.3,17.5,44.4,23.8,76.2,50,50,28,72
Marcin Gortat,WAS,33,80,48,32,31.4,99.7,0.3,88,10.2,0,4.4,12,14.8,77.8,72,28,0,0,72,28
Marco Belinelli,CHA,31,74,34,40,24,54,46,41.5,23.3,39.2,6.2,19.2,12.3,18.2,67.9,32.1,85.3,14.7,74.6,25.4
Marcus Georges-Hunt,ORL,23,3,1,2,8.7,60,40,25,0,37.5,0,37.5,0,25,100,0,100,0,100,0
Marcus Morris,DET,27,78,36,42,32.6,64.2,35.8,54.3,33.9,32.4,7.7,13.3,12,20.5,38,62,91.5,8.5,53.3,46.7
Marcus Smart,BOS,23,77,49,28,30.4,56,44,42.6,8.1,33.4,8.9,24,17.3,34.5,41.4,58.6,90.1,9.9,58.1,41.9
Marcus Thornton,WAS,29,33,15,18,17.4,61.9,38.1,51.1,14.6,38.4,6.4,10.5,13.7,36.5,48.2,51.8,75,25,57.1,42.9
Mario Hezonja,ORL,22,63,19,44,14.4,57,43,48.3,17.9,38.7,19.9,12.9,18.9,30.5,49.3,50.7,84.6,15.4,61.6,38.4
Markieff Morris,WAS,27,75,44,31,31.3,78,22,62.9,18.8,19.8,6.9,17.3,14.4,44.1,60.4,39.6,97.1,2.9,66.8,33.2
Marquese Chriss,PHX,19,81,24,57,21,64.4,35.6,56.4,6,28.7,17.5,14.9,18.7,50.3,65,35,98.6,1.4,73.6,26.4
Marreese Speights,LAC,29,80,49,31,15.6,49.7,50.3,39.7,6.8,43.2,6,17.1,10.7,32.8,66.9,33.1,98,2,80,20
Marshall Plumlee,NYK,24,20,5,15,7.2,100,0,69.2,0,0,26.9,30.8,30.8,69.2,66.7,33.3,0,0,66.7,33.3
Marvin Williams,CHA,30,74,32,42,30.5,49.6,50.4,40.9,7.4,43.7,9,15.4,14.3,33.5,71.3,28.7,97.5,2.5,82.3,17.7
Mason Plumlee,DEN,27,79,36,43,26.3,99,1,79,5.9,0,11.5,21,13.7,73.1,71.9,28.1,0,0,71.9,28.1
Matt Barnes,GSW,37,74,38,36,24,44.4,55.6,37.2,6.1,49.5,12.5,13.3,16.9,31.1,73.5,26.5,90.8,9.2,81.6,18.4
Matthew Dellavedova,MIL,26,75,38,37,26.2,59.7,40.3,44.8,11.5,40.9,5.1,14.3,11.5,33.2,30.5,69.5,85.9,14.1,51.5,48.5
Maurice Harkless,POR,23,76,38,38,29,68.6,31.4,63.3,3.4,26.8,16.1,10,19,59.8,62.7,37.3,100,0,70.9,29.1
Maurice Ndour,NYK,24,31,9,22,9.9,91.3,8.8,77.4,19.4,3.2,17.2,19.4,18.3,58.1,75,25,100,0,75.7,24.3
Metta World Peace,LAL,37,23,7,16,5.5,42.2,57.8,33.3,11.1,41.7,13.9,25,5.6,22.2,16.7,83.3,100,0,54.5,45.5
Meyers Leonard,POR,25,72,36,36,16,42.8,57.2,35.7,16.3,55.1,3.1,9.2,14.7,19.4,76.5,23.5,98.6,1.4,87.7,12.3
Michael Beasley,MIL,28,54,22,32,16.4,89.8,10.2,74.9,24.3,10,10.6,15.1,15.3,50.6,54.5,45.5,100,0,58.2,41.8
Michael Carter-Williams,CHI,25,43,23,20,19.2,79.1,20.9,64.8,13.7,15.4,16,19.8,13,51.2,42.1,57.9,93.3,6.7,49.1,50.9
Michael Gbinije,DET,24,9,7,2,3.5,60,40,50,0,0,50,50,0,50,0,100,0,0,0,100
Michael Kidd-Gilchrist,CHA,23,79,36,43,29.1,98.5,1.5,78.9,21.7,0.4,20.3,20.7,17.4,57.2,70.8,29.2,100,0,70.9,29.1
Mike Conley,MEM,29,68,35,33,33.4,58.5,41.5,41.4,13,36.2,11.3,22.4,15.1,28.4,26.6,73.4,55.6,44.4,37.3,62.7
Mike Dunleavy,ATL,36,51,33,18,15.8,39.7,60.3,29.5,7.6,58,6.4,12.5,20.1,22,76.9,23.1,96.1,3.9,87.8,12.2
Mike Miller,DEN,37,18,7,11,5.2,12.5,87.5,0,0,90,15,10,0,0,0,0,100,0,100,0
Mike Muscala,ATL,25,68,35,33,17.6,67.5,32.5,57.1,15.3,31.7,7.7,11.3,14.6,41.7,84,16,100,0,88.3,11.7
Mike Scott,ATL,28,18,7,11,10.8,54.2,45.8,57.8,13.3,26.7,15.6,15.6,15.6,44.4,76.9,23.1,75,25,76.5,23.5
Mike Tobey,CHA,22,2,0,2,12.6,100,0,100,0,0,0,0,0,100,0,100,0,0,0,100
Miles Plumlee,CHA,28,43,19,24,10.2,100,0,77.1,1.8,0,4.6,22.9,14.7,75.2,85.7,14.3,0,0,85.7,14.3
Mindaugas Kuzminskas,NYK,27,67,23,44,14.9,54.1,45.9,48.8,1.4,38.4,15,12.8,16.9,47.3,62.4,37.6,90.6,9.4,72.1,27.9
Mirza Teletovic,MIL,31,68,35,33,16.1,26.9,73.1,23,8.1,69.6,16.9,7.4,14.4,14.9,74.5,25.5,97.1,2.9,89.6,10.4
Monta Ellis,IND,31,72,37,35,27.1,75.6,24.4,64.6,21,20.5,16.9,14.8,19.7,43.6,32,68,88.4,11.6,41.9,58.1
Montrezl Harrell,HOU,23,57,39,18,18.1,98.2,1.8,84.8,4.3,0.6,14.8,14.6,19.3,80.5,78.8,21.2,0,100,78.4,21.6
Myles Turner,IND,21,79,40,39,31.4,86.5,13.5,68.8,25.2,10.6,5.4,20.7,13.6,43.6,81.8,18.2,97.5,2.5,83.3,16.7
Nemanja Bjelica,MIN,28,65,28,37,18.3,50.3,49.7,47.1,2.5,41.7,11.9,11.2,12.9,44.7,52.6,47.4,96.4,3.6,68.9,31.1
Nene,HOU,34,66,46,20,17.9,97.7,2.3,79.3,10.7,1.5,6.2,19.2,17,68.7,84,16,100,0,84.2,15.8
Nerlens Noel,DAL,23,49,23,26,20.5,99.7,0.3,82.4,8.4,0,13.3,17.6,23,74,73.9,26.1,0,0,73.9,26.1
Nick Collison,OKC,36,18,9,9,6.2,100,0,78.3,8.7,0,0,21.7,13,69.6,66.7,33.3,0,0,66.7,33.3
Nick Young,LAL,31,60,19,41,25.9,33.5,66.5,25.8,13.4,64.5,18.7,9.7,18,12.4,52.9,47.1,91.8,8.2,77.2,22.8
Nicolas Batum,CHA,28,75,35,40,34.4,58.2,41.8,44.1,22.5,34.9,6.6,21.1,14.6,21.5,46.1,53.9,86.6,13.4,60.1,39.9
Nicolas Brussino,DAL,24,52,17,35,8.8,35.2,64.8,33.8,13.8,55.4,6.2,10.8,12.3,20,59.1,40.9,100,0,80.4,19.6
Nicolas Laprovittola,SAS,27,18,15,3,9.7,42.6,57.4,33.9,3.4,50.8,18.6,15.3,32.2,30.5,30,70,100,0,65,35
Nik Stauskas,PHI,23,78,27,51,27.3,43.3,56.7,31.8,6,52.7,12.8,15.5,13.7,25.8,50,50,82.8,17.2,67.2,32.8
Nikola Jokic,DEN,22,71,35,36,27.9,83.7,16.3,73.9,14,11.1,5.7,14.9,8.3,59.9,56.6,43.4,95.5,4.5,60.2,39.8
Nikola Mirotic,CHI,26,68,35,33,24,39.6,60.4,34.8,7.5,51.7,12,13.5,14.5,27.3,68.8,31.2,96.8,3.2,82.7,17.3
Nikola Vucevic,ORL,26,73,26,47,28.9,92.8,7.2,84.4,35.3,5.6,3.5,10,13.1,49.1,61.2,38.8,100,0,62.9,37.1
Noah Vonleh,POR,21,72,37,35,16.5,92.1,7.9,73.9,13.9,6.9,2.6,19.1,8.3,60.1,60.7,39.3,85.7,14.3,62.2,37.8
Norman Powell,TOR,23,75,46,29,17.8,65.9,34.1,53.7,6.9,26,21.8,20.3,18.5,46.8,27.4,72.6,94.3,5.7,43.8,56.2
Norris Cole,OKC,28,11,4,7,7.9,75,25,61.5,23.1,23.1,30.8,15.4,26.9,38.5,25,75,100,0,40,60
Okaro White,MIA,24,33,24,9,13.5,61.7,38.3,41.7,8.3,37.5,9.4,20.8,11.5,33.3,70,30,100,0,81.3,18.8
Omer Asik,NOP,30,31,12,19,15.6,100,0,72.9,0,0,3.5,27.1,8.2,72.9,71,29,0,0,71,29
Omri Casspi,MIN,28,34,12,22,17.8,73.2,26.8,66.3,0,24,22.9,9.7,20.6,66.3,72.4,27.6,100,0,77.8,22.2
Otto Porter Jr.,WAS,23,79,48,31,32.8,57.4,42.6,49.2,18.6,41.7,16.8,9,17.9,30.6,66.8,33.2,96.6,3.4,77.6,22.4
Pascal Siakam,TOR,23,54,34,20,15.4,97,3,88.7,17.2,1.4,19.9,10,23.1,71.5,66.3,33.7,100,0,66.7,33.3
Pat Connaughton,POR,24,37,17,20,6.6,61.2,38.8,46.9,0,42.2,32.8,10.9,10.9,46.9,80,20,88.9,11.1,83.3,16.7
Patricio Garino,ORL,23,3,1,2,6.5,40,60,0,0,0,0,0,0,0,0,0,0,0,0,0
Patrick Beverley,HOU,28,66,45,21,30.7,47.3,52.7,37.2,3.5,51.5,13.5,11.3,20.2,33.7,29.9,70.1,83.3,16.7,55.6,44.4
Patrick McCaw,GSW,21,69,56,13,14.8,48.7,51.3,44.6,4.6,45,21.5,10.4,18.8,40,75.9,24.1,92.3,7.7,82.5,17.5
Patrick Patterson,TOR,28,64,41,23,24.7,34.2,65.8,27.1,6.8,63.1,3.6,9.7,14.9,20.4,51.7,48.3,97.8,2.2,79.7,20.3
Patty Mills,SAS,28,78,60,18,22,42.6,57.4,33.2,16.1,57.9,16.2,8.8,18.6,17.2,54,46,81.9,18.1,69,31
Pau Gasol,SAS,36,62,47,15,25.6,82.6,17.4,62.4,24.4,21,4.8,16.6,11.4,38.1,67.2,32.8,100,0,73.2,26.8
Paul George,IND,26,73,37,36,35.8,63.4,36.6,48,26.6,32.7,11.1,19.3,17.2,21.4,37.9,62.1,81.3,18.7,51.4,48.6
Paul Millsap,ATL,32,68,39,29,34.1,75.1,24.9,56.6,15.5,18.2,5.3,25.2,13.8,41.1,55.7,44.3,94.7,5.3,62.6,37.4
Paul Pierce,LAC,39,23,14,9,11.7,39.7,60.3,31,16.9,54.9,5.6,14.1,16.9,14.1,54.5,45.5,100,0,79.2,20.8
Paul Zipser,CHI,23,42,19,23,18.8,55.5,44.5,47.2,15.1,38.2,18.9,14.6,16.5,32.1,86,14,100,0,90.9,9.1
Pierre Jackson,DAL,25,8,4,4,10.6,71.8,28.2,57.1,17.1,25.7,20,17.1,31.4,40,10,90,66.7,33.3,23.1,76.9
PJ Tucker,TOR,31,80,34,46,27.9,59.4,40.6,47.8,8.1,38.9,18.1,13.3,19.8,39.6,45.7,54.3,98.6,1.4,64.3,35.7
Quincy Acy,BKN,26,38,11,27,14.7,47.1,52.9,29.7,5.4,50,2.7,20.3,17.1,24.3,72.7,27.3,97.3,2.7,85.7,14.3
Quinn Cook,NOP,24,12,8,4,11.8,57.7,42.3,58.5,24.6,41.5,9.2,0,18.5,33.8,21.1,78.9,55.6,44.4,32.1,67.9
Rajon Rondo,CHI,31,68,33,35,26.8,76.3,23.7,67,16.3,27.3,14,5.7,12.1,50.8,24.9,75.1,93.8,6.3,39.6,60.4
Rakeem Christmas,IND,25,28,13,15,7.8,100,0,65.5,0,0,3.4,34.5,12.1,65.5,73.7,26.3,0,0,73.7,26.3
Ramon Sessions,CHA,30,50,23,27,16.2,76.4,23.6,50.6,9.6,20.2,14.1,29.2,6.1,41,39.2,60.8,85.7,14.3,49,51
Randy Foye,BKN,33,67,17,50,18.6,37.7,62.3,28.3,4,56.9,13,14.7,12.5,24.4,26,74,76.1,23.9,54.7,45.3
Rashad Vaughn,MIL,20,39,17,22,10.7,45.4,54.6,42.2,15.6,56.3,8.6,1.6,16.4,26.6,66.7,33.3,83.3,16.7,74.5,25.5
Raul Neto,UTA,24,40,24,16,8.6,65.9,34.1,62,8,30,13,8,28,54,25.8,74.2,90,10,41.5,58.5
Raymond Felton,LAC,32,78,48,30,21.3,71.7,28.3,64.5,18.9,26,14.5,9.4,13.8,45.7,24.6,75.4,73.9,26.1,35,65
Reggie Bullock,DET,26,29,13,16,14.4,45.1,54.9,42.5,10.6,53.1,9.7,4.4,23.9,31.9,79.2,20.8,100,0,88.6,11.4
Reggie Jackson,DET,26,52,23,29,27.4,72.8,27.2,58,20.5,26.3,7.4,15.7,14.6,37.5,7.3,92.7,45.5,54.5,16.2,83.8
Reggie Williams,NOP,30,6,1,5,13.2,52.2,47.8,22.2,7.4,55.6,11.1,22.2,7.4,14.8,33.3,66.7,80,20,62.5,37.5
Richard Jefferson,CLE,36,77,50,27,20.4,46.2,53.8,41.3,2.7,41.5,10.4,17.2,15,38.5,74.7,25.3,98.4,1.6,84.2,15.8
Richaun Holmes,PHI,23,55,16,39,20.5,81.4,18.6,72.1,8.3,15.4,10.4,12.5,12.1,63.8,81.1,18.9,100,0,83.4,16.6
Ricky Rubio,MIN,26,74,28,46,32.9,69.7,30.3,48.2,28.7,21.5,12.8,30.3,16.4,19.5,26.8,73.2,94.9,5.1,42.4,57.6
RJ Hunter,CHI,23,3,2,1,3.1,0,100,0,0,0,0,0,0,0,0,0,0,0,0,0
Robert Covington,PHI,26,67,27,40,31.6,43.7,56.3,35.9,3,47.6,19.1,16.6,20.6,32.9,65.2,34.8,94.2,5.8,78.8,21.2
Robin Lopez,CHI,29,79,38,41,28.1,99.7,0.3,91.4,29.8,0,3,8.6,8.7,61.6,67.9,32.1,0,0,67.9,32.1
Rodney Hood,UTA,24,58,39,19,27.1,54.1,45.9,42.3,17.3,45.5,6.1,12.2,10.8,24.9,29.5,70.5,74.1,25.9,48.1,51.9
Rodney McGruder,MIA,25,76,38,38,25.2,52.1,47.9,47.2,5.7,43.7,14.8,9,17.2,41.5,47.8,52.2,98.6,1.4,67.2,32.8
Rodney Stuckey,IND,30,39,17,22,17.9,75.4,24.6,51.2,23.5,20.3,15.3,28.5,11.4,27.8,18.1,81.9,78.9,21.1,30.8,69.2
Ron Baker,NYK,24,51,13,38,16.2,60.7,39.3,55.1,14.5,31.9,22.2,13,11.1,40.6,36.8,63.2,90.9,9.1,51.9,48.1
Rondae Hollis-Jefferson,BKN,22,76,19,57,22.3,87.5,12.5,66,11,6.4,21.3,27.6,17,54.9,51.6,48.4,92.9,7.1,54.1,45.9
Ronnie Price,PHX,33,13,4,9,8.9,23.5,76.5,0,0,66.7,22.2,33.3,22.2,0,0,0,100,0,100,0
Roy Hibbert,DEN,30,48,24,24,14.2,100,0,72.4,17.2,0,4.1,27.6,10,55.2,65,35,0,0,65,35
Rudy Gay,SAC,30,30,11,19,33.8,74.4,25.6,56.6,14.9,22.4,12.5,21,24,41.6,39.6,60.4,88.1,11.9,49.8,50.2
Rudy Gobert,UTA,24,79,49,30,33.9,99.8,0.2,72.4,0.4,0,7.2,27.6,13.8,72.1,73.8,26.2,0,0,73.8,26.2
Russell Westbrook,OKC,28,80,46,34,34.8,70.1,29.9,48.8,16.8,23.4,21.2,27.8,14.9,32,13.6,86.4,35.2,64.8,18.9,81.1
Ryan Anderson,HOU,28,70,49,21,29.5,35.2,64.8,24.5,6.8,62.1,7.2,13.4,11.9,17.7,37.1,62.9,97.4,2.6,75,25
Ryan Kelly,ATL,26,15,6,9,5.9,60,40,35.3,23.5,35.3,0,29.4,0,11.8,100,0,100,0,100,0
Salah Mejri,DAL,30,71,28,43,12.5,98.5,1.5,82.9,3.9,0,2.4,17.1,10.2,79,70.6,29.4,0,0,70.6,29.4
Sam Dekker,HOU,22,77,52,25,18.4,56.4,43.6,56.7,2.8,35.7,25.2,7.5,19,54,72.7,27.3,96.7,3.3,79.8,20.2
Sasha Vujacic,NYK,33,41,13,28,9.5,45.7,54.3,32.5,27.4,53.8,12,13.7,14.5,5.1,57.9,42.1,76.2,23.8,67.5,32.5
Sean Kilpatrick,BKN,27,70,14,56,25.1,58.1,41.9,43.5,8.5,34.3,18.3,22.2,12.1,35,43.5,56.5,75.2,24.8,54.4,45.6
Semaj Christon,OKC,24,62,35,27,14.9,72,28,71.6,20.5,18.8,6.8,9.7,12.5,51.1,28.6,71.4,81.8,18.2,36.5,63.5
Serge Ibaka,TOR,27,79,37,42,30.7,67.7,32.3,59.2,24.7,31.7,9.5,9.1,14.8,34.4,66.6,33.4,98.4,1.6,74.9,25.1
Sergio Rodriguez,PHI,30,68,24,44,22.3,53,47,44.5,17.4,52.1,12.6,3.4,17.4,27.2,19.5,80.5,56.5,43.5,35.7,64.3
Seth Curry,DAL,26,70,30,40,29,54.2,45.8,44.8,18.3,45.8,9.2,9.5,18.4,26.5,22.9,77.1,74.5,25.5,43.8,56.2
Shabazz Muhammad,MIN,24,76,29,47,19.5,76,24,61.5,8.1,19.4,23.8,19,19.7,53.4,68,32,97.9,2.1,73.2,26.8
Shabazz Napier,POR,25,51,25,26,8.8,45.5,54.5,33.5,16.1,50.3,14.3,16.1,20.5,17.4,18.5,81.5,66.7,33.3,42.6,57.4
Shaun Livingston,GSW,31,74,62,12,17.7,99,1,88.3,34.8,0.8,13.8,10.9,17.1,53.5,51.2,48.8,100,0,51.5,48.5
Shawn Long,PHI,24,16,5,11,13.2,83.9,16.1,71,4.3,15.2,4.3,13.8,15.2,66.7,55.1,44.9,100,0,60.7,39.3
Sheldon McClellan,WAS,24,29,17,12,8.7,59.4,40.6,50,22.2,25,12.5,25,18.1,27.8,50,50,83.3,16.7,58.3,41.7
Shelvin Mack,UTA,26,53,32,21,21.6,68.8,31.2,62.3,14.5,25.4,8.2,12.2,15.2,47.9,32,68,61.8,38.2,38.4,61.6
Skal Labissiere,SAC,21,31,8,23,17.8,96.6,3.4,80,24.4,3.3,5.2,16.7,14.1,55.6,60.2,39.8,100,0,61.3,38.7
Solomon Hill,NOP,26,78,33,45,29.7,43.1,56.9,31,2.6,50.9,20.8,18.1,11.6,28.4,34.5,65.5,100,0,68.8,31.3
Spencer Dinwiddie,BKN,24,57,13,44,22.6,67.8,32.2,45.2,13.6,26.1,12.7,28.7,20.9,31.5,21.9,78.1,56.8,43.2,31.6,68.4
Spencer Hawes,MIL,28,53,27,26,14.7,71.1,28.9,65.8,11.2,21.4,5.3,12.7,7.8,54.7,81.1,18.9,100,0,84.5,15.5
Stanley Johnson,DET,20,75,35,40,17.7,57.8,42.2,50.2,23,39,13,10.9,13,27.2,34.9,65.1,95.3,4.7,55.6,44.4
Stephen Curry,GSW,29,77,64,13,33.5,45.6,54.4,35.6,10.1,48.1,24.3,16.3,17.3,25.4,40.9,59.1,63.9,36.1,51.8,48.2
Stephen Zimmerman,ORL,20,18,7,11,5.5,100,0,85.7,19,0,0,14.3,19,66.7,55.6,44.4,0,0,55.6,44.4
Steve Novak,MIL,33,8,6,2,2.7,14.3,85.7,40,0,60,0,0,0,40,100,0,100,0,100,0
Steven Adams,OKC,23,78,46,32,30.1,99.8,0.2,82.3,0.7,0,9,17.7,10.5,81.6,67.4,32.6,0,0,67.4,32.6
T.J. McConnell,PHI,25,79,27,52,26.3,89.2,10.8,80.7,17.8,6.1,12.2,13.1,17.2,63,25.2,74.8,90.9,9.1,28.4,71.6
Taj Gibson,OKC,31,77,41,36,25.5,98.1,1.9,86,14.2,1.1,10.3,13,12.7,71.8,66.2,33.8,66.7,33.3,66.2,33.8
Tarik Black,LAL,25,65,23,42,16.3,99.3,0.7,77.6,1.6,0.8,8.6,21.6,11.9,76,68.1,31.9,0,100,67.6,32.4
Taurean Prince,ATL,23,57,27,30,16.4,64.1,35.9,46.8,9.5,30.4,21.8,22.8,23.7,37.3,63.5,36.5,87.5,12.5,70.8,29.2
Terrence Jones,MIL,25,54,20,34,23.5,84.8,15.2,72.6,8.2,9.8,15.6,17.6,20.5,64.4,64.2,35.8,100,0,67.1,32.9
Terrence Ross,ORL,26,76,38,38,25.2,47.5,52.5,42.7,19.5,49.9,14.5,7.4,23,23.2,51.1,48.9,85.9,14.1,66.4,33.6
Terry Rozier,BOS,23,72,45,27,17.3,56.5,43.5,45.6,13.7,41.9,18.4,12.5,16.2,31.9,33.3,66.7,80.7,19.3,51.3,48.7
Thabo Sefolosha,ATL,32,60,31,29,25.9,69.8,30.2,59.5,14.5,28,17.7,12.5,24.3,45,64.1,35.9,95.1,4.9,71.5,28.5
Thaddeus Young,IND,28,72,38,34,30.1,82.2,17.8,77.2,6.6,17.2,14.3,5.6,16.8,70.6,72.6,27.4,97.8,2.2,75.9,24.1
Thomas Robinson,LAL,26,46,14,32,11.5,99.5,0.5,87.2,4.4,0,15.9,12.8,19.4,82.8,47.5,52.5,0,0,47.5,52.5
Thon Maker,MIL,20,55,30,25,9.5,57.6,42.4,47.4,7.4,39.1,13.5,13.5,19.5,40,64.7,35.3,100,0,77.2,22.8
Tiago Splitter,PHI,32,6,1,5,7.7,88.2,11.8,64,0,12,8,24,16,64,100,0,100,0,100,0
Tim Frazier,NOP,26,63,25,38,23.5,68.6,31.4,54.4,13.3,25.2,17.7,20.4,15.3,41.2,26.8,73.2,60.5,39.5,34.8,65.2
Tim Hardaway Jr.,ATL,25,78,41,37,27.3,54.4,45.6,46.6,9,39.2,20.7,14.3,16.2,37.6,63.3,36.7,85.1,14.9,71.1,28.9
Tim Quarterman,POR,22,14,5,9,3.1,53.8,46.2,52.6,10.5,47.4,31.6,0,26.3,42.1,0,100,66.7,33.3,25,75
Timofey Mozgov,LAL,30,54,16,38,20.4,99.7,0.3,84.3,20,0,10.5,15.7,13,64.3,74.6,25.4,0,0,74.6,25.4
Timothe Luwawu-Cabarrot,PHI,21,67,23,44,16.9,54.9,45.1,42.8,0,33.2,19.4,24.1,16.5,42.8,64.4,35.6,97.8,2.2,75.8,24.2
TJ Warren,PHX,23,65,20,45,30.9,87.9,12.1,79.4,22.4,8,23.5,12.6,16.6,57,54,46,92,8,56.4,43.6
Tobias Harris,DET,24,80,37,43,31.3,70.6,29.4,61.1,19.7,24.4,12,14.5,18,41.5,50.4,49.6,99,1,60.6,39.4
Tomas Satoransky,WAS,25,55,32,23,12.2,76.1,23.9,68.1,18.4,17,9.2,14.9,18.4,49.6,39.6,60.4,100,0,48.2,51.8
Toney Douglas,MEM,31,24,15,9,16.4,64.1,35.9,61.5,23.9,17.9,16.2,20.5,23.1,37.6,36.1,63.9,42.9,57.1,37.2,62.8
Tony Allen,MEM,35,70,36,34,27.3,90.9,9.1,80.4,3.8,7,20.7,12.5,21,76.7,55.6,44.4,100,0,58.1,41.9
Tony Parker,SAS,34,61,46,15,25.3,87.7,12.3,75.8,27.1,11.3,13.4,12.9,16.2,48.7,25.4,74.6,100,0,32.2,67.8
Tony Snell,MIL,25,79,41,38,29.2,34.2,65.8,30,8.4,63,10.9,7,18,21.6,65,35,99.3,0.7,85,15
Treveon Graham,CHA,23,25,10,15,5.9,56,44,17.1,0,60,14.3,22.9,14.3,17.1,66.7,33.3,100,0,90,10
Trevor Ariza,HOU,31,78,52,26,34.6,30.1,69.9,28,2.2,62,21.7,10.1,21.3,25.8,59.4,40.6,95.8,4.2,81.1,18.9
Trevor Booker,BKN,29,71,18,53,24.7,86.8,13.2,79,8.2,10.6,13.8,10.4,15.4,70.8,45,55,84,16,48.2,51.8
Trey Burke,WAS,24,55,34,21,12.1,74,26,62,38,30.2,10.9,7.8,13.2,24,22.5,77.5,88.5,11.5,38.7,61.3
Trey Lyles,UTA,21,70,42,28,16.4,53.3,46.7,42.8,9.6,44.4,7.1,12.8,15.5,33.3,40.4,59.6,95.4,4.6,62.9,37.1
Tristan Thompson,CLE,26,77,50,27,30.1,99.3,0.7,82.9,2.3,0,9.8,17.1,11.6,80.6,70.8,29.2,0,0,70.8,29.2
Troy Daniels,MEM,25,66,33,33,17.6,27.8,72.2,17.2,12,75,12.6,7.8,12.2,5.1,68.1,31.9,83.9,16.1,79.9,20.1
Troy Williams,HOU,22,28,18,10,18.9,62.6,37.4,59.5,4.8,30.4,33.9,10.1,31.5,54.8,44,56,94.1,5.9,56.7,43.3
Ty Lawson,SAC,29,68,24,44,25,77.1,22.9,60.1,23.1,15,12,24.9,15.6,37,19.2,80.8,75.8,24.2,27.3,72.7
Tyler Ennis,LAL,22,51,27,24,10.2,68.1,31.9,55.5,5.7,35.9,11.5,8.6,14.4,49.8,8.6,91.4,56,44,22.9,77.1
Tyler Johnson,MIA,24,71,33,38,29.9,69.8,30.2,53,16,27.7,14.5,19.3,19.1,37,45.7,54.3,95.6,4.4,58.6,41.4
Tyler Ulis,PHX,21,60,15,45,18.1,82.8,17.2,74.8,41.2,12.9,15.6,12.2,12.5,33.6,11.5,88.5,55.6,44.4,16.1,83.9
Tyler Zeller,BOS,27,49,30,19,10.3,99.3,0.7,88.8,18.9,0,10.7,11.2,16.6,69.8,84,16,0,0,84,16
Tyreke Evans,SAC,27,40,17,23,19.7,68.1,31.9,52.6,6.8,30.7,21.2,16.8,16.3,45.7,20.4,79.6,54.8,45.2,30,70
Tyson Chandler,PHX,34,47,15,32,27.6,100,0,77.1,0,0,7.3,22.9,14.4,77.1,62.1,37.9,0,0,62.1,37.9
Tyus Jones,MIN,20,58,23,35,12.6,59.8,40.2,47.4,11.6,36.3,18.9,16.3,19.5,35.8,31.1,68.9,87,13,50,50
Udonis Haslem,MIA,36,15,5,10,8.6,90.9,9.1,71,0,0,0,29,12.9,71,63.6,36.4,0,0,63.6,36.4
Victor Oladipo,OKC,24,65,38,27,33.3,62,38,53,15.8,36.2,21,10.8,16.1,37.2,44.4,55.6,88,12,58,42
Vince Carter,MEM,40,72,36,36,24.7,39.9,60.1,27.9,6.2,57.3,5.7,14.8,10.7,21.7,43.2,56.8,91,9,70.8,29.2
Wade Baldwin IV,MEM,21,32,18,14,12.1,80.4,19.6,61.9,20.6,9.3,15.5,28.9,23.7,41.2,26.7,73.3,33.3,66.7,27.3,72.7
Wayne Ellington,MIA,29,60,33,27,24.1,29.6,70.4,26.2,17.9,67.9,12.1,5.9,15.3,8.3,75.6,24.4,93,7,86.6,13.4
Wayne Selden,MEM,22,13,6,7,15.8,51,49,52.5,6.6,24.6,31.1,23,9.8,45.9,56.3,43.8,100,0,66.7,33.3
Wesley Johnson,LAC,29,66,38,28,11.9,41,59,46.2,20.9,47.8,12.6,6,20.3,25.3,76.2,23.8,100,0,85.9,14.1
Wesley Matthews,DAL,30,73,29,44,34.2,43.4,56.6,32.3,12.4,52.9,10.4,14.8,18.4,19.9,29.6,70.4,83.9,16.1,58,42
Will Barton,DEN,26,60,31,29,28.4,64.7,35.3,50.7,8.5,31.8,19.1,17.4,13.8,42.2,34.6,65.4,73.6,26.4,46.1,53.9
Willie Cauley-Stein,SAC,23,73,28,45,18.7,99.6,0.4,82.9,7.9,0,8.1,17.1,17.8,75,72.5,27.5,0,0,72.5,27.5
Willie Reed,MIA,26,69,37,32,14.6,98.5,1.5,86.1,5.1,0.8,8.5,13,17.6,81,63.8,36.2,100,0,64.1,35.9
Willy Hernangomez,NYK,22,71,26,45,18.4,96.8,3.2,83.1,7.2,2.1,6.4,14.8,14.8,75.9,60.6,39.4,100,0,61.2,38.8
Wilson Chandler,DEN,29,70,34,36,31.2,65.3,34.7,57.9,11.4,29.5,11.7,12.5,11.6,46.6,49.5,50.5,91.7,8.3,60.2,39.8
Yogi Ferrell,DAL,23,44,17,27,25.8,55,45,39.6,14.8,44.5,12.8,16,16.6,24.7,21.6,78.4,56.1,43.9,36.4,63.6
Zach LaVine,MIN,22,47,16,31,37.2,56.3,43.7,46.3,14.6,40.5,20.7,13.2,21.9,31.7,46.6,53.4,81.7,18.3,59.5,40.5
Zach Randolph,MEM,35,72,38,34,24.5,90.2,9.8,80,21.9,6.2,3.9,13.8,13.2,58,48.1,51.9,100,0,50.7,49.3
Zaza Pachulia,GSW,33,68,57,11,18.1,99.7,0.3,77.2,8.3,0,13.1,22.8,10.4,68.9,80.5,19.5,0,0,80.5,19.5
